{
  "providers": {
    "awscloudformation": {
      "AuthRoleName": "amplify-reacttest4-dev-130138-authRole",
      "UnauthRoleArn": "arn:aws:iam::787162370215:role/amplify-reacttest4-dev-130138-unauthRole",
      "AuthRoleArn": "arn:aws:iam::787162370215:role/amplify-reacttest4-dev-130138-authRole",
      "Region": "us-west-2",
      "DeploymentBucketName": "amplify-reacttest4-dev-130138-deployment",
      "UnauthRoleName": "amplify-reacttest4-dev-130138-unauthRole",
      "StackName": "amplify-reacttest4-dev-130138",
      "StackId": "arn:aws:cloudformation:us-west-2:787162370215:stack/amplify-reacttest4-dev-130138/88456f00-5a99-11eb-a237-0a2a49938eab",
      "AmplifyAppId": "d3e5awfhbwr41j"
    }
  },
  "auth": {
    "reacttest4892edc8e": {
      "service": "Cognito",
      "providerPlugin": "awscloudformation",
      "dependsOn": [],
      "customAuth": false,
      "providerMetadata": {
        "s3TemplateURL": "https://s3.amazonaws.com/amplify-reacttest4-dev-130138-deployment/amplify-cfn-templates/auth/reacttest4892edc8e-cloudformation-template.yml",
        "logicalId": "authreacttest4892edc8e"
      },
      "lastPushTimeStamp": "2021-01-19T21:11:22.067Z",
      "output": {
        "AppClientSecret": "1s8ancohg9f3fjmd7iqalf4gmim8cf07prool5iakoua068thval",
        "UserPoolId": "us-west-2_C1RUJC7Iu",
        "AppClientIDWeb": "133f3dsf3h617enkdb2ugt1236",
        "AppClientID": "7uiqad8rvk1cme93hcvtc7ts84",
        "IdentityPoolId": "us-west-2:f0d33996-daa4-44ae-a99e-83a40701ff89",
        "IdentityPoolName": "reacttest4892edc8e_identitypool_892edc8e__dev",
        "UserPoolName": "reacttest4892edc8e_userpool_892edc8e"
      },
      "lastPushDirHash": "grDaU8zGIPt4oIostRQq2mVsnUQ="
    }
  }
}